subject_name	kidney-num_ref_instances	kidney-num_pred_instances	kidney-tp	kidney-fp	kidney-fn	kidney-prec	kidney-rec	kidney-rq	kidney-sq_dsc	kidney-sq_dsc_std	kidney-pq_dsc	kidney-sq_assd	kidney-sq_assd_std	kidney-sq_hd95	kidney-sq_hd95_std	kidney-global_bin_volume_pred	kidney-global_bin_volume_ref	kidney-global_bin_dsc	kidney-global_bin_assd	kidney-global_bin_hd95	kidney-computation_time	masses-num_ref_instances	masses-num_pred_instances	masses-tp	masses-fp	masses-fn	masses-prec	masses-rec	masses-rq	masses-sq_dsc	masses-sq_dsc_std	masses-pq_dsc	masses-sq_assd	masses-sq_assd_std	masses-sq_hd95	masses-sq_hd95_std	masses-global_bin_volume_pred	masses-global_bin_volume_ref	masses-global_bin_dsc	masses-global_bin_assd	masses-global_bin_hd95	masses-computation_time	tumor-num_ref_instances	tumor-num_pred_instances	tumor-tp	tumor-fp	tumor-fn	tumor-prec	tumor-rec	tumor-rq	tumor-sq_dsc	tumor-sq_dsc_std	tumor-pq_dsc	tumor-sq_assd	tumor-sq_assd_std	tumor-sq_hd95	tumor-sq_hd95_std	tumor-global_bin_volume_pred	tumor-global_bin_volume_ref	tumor-global_bin_dsc	tumor-global_bin_assd	tumor-global_bin_hd95	tumor-computation_time
case_00491	2	3	2	1	0	0.6666666666666666	1.0	0.8	0.9305831710155679	0.03972124350908296	0.7444665368124543	0.9790375704760084	0.5766349022566776	4.6580664512254195	3.4080664512254195	1388205	1547977	0.9311330155964447	1.3544606432822082	6.4031242374328485	156.35683329962194	2	1	1	0	1	1.0	0.5	0.6666666666666666	0.5659058828639059	0.0	0.3772705885759372	5.507644953058909	0.0	16.899703933107475	0.0	213832	246772	0.5658396366510061	7.653250253518754	26.419689627245813	64.00370152294636	1	1	1	0	0	1.0	1.0	1.0	0.5676236083480308	0.0	0.5676236083480308	5.392235742756601	0.0	17.18284027743958	0.0	205233	246658	0.5676236083480308	7.648152473825989	26.645825188948457	82.56261385977268
case_00492	2	3	2	1	0	0.6666666666666666	1.0	0.8	0.948365976583436	0.0028631157539670826	0.7586927812667489	0.9841006134877845	0.22896379602525485	3.4614757516192665	0.9614757516192665	2149768	2298412	0.9477040047839791	1.533426336755668	5.385164807134504	262.76037910208106	5	12	4	8	1	0.3333333333333333	0.8	0.47058823529411764	0.6345666163983263	0.1748430629272178	0.29861958418744766	1.4222592479299099	0.8660654333767442	4.014425215216233	2.8498826877172108	303164	430900	0.7465343621264631	3.9471294771998924	12.68857754044952	206.63470294326544	1	1	1	0	0	1.0	1.0	1.0	0.260626063003221	0.0	0.260626063003221	7.787625385264735	0.0	26.291633650269812	0.0	81647	422232	0.260626063003221	10.223939736694945	33.13608305156178	284.70589496567845
case_00493	4	2	2	0	2	1.0	0.5	0.6666666666666666	0.9529745028068612	0.004451745894555159	0.6353163352045741	0.6757629411894175	0.3229422616623296	1.298145600891813	0.04814560089181297	648229	659837	0.9526400044034475	0.9177932713859834	1.4142135623730951	96.12144480645657	1	5	1	4	0	0.2	1.0	0.3333333333333333	0.81634911303987	0.0	0.27211637101329	1.3828262506571702	0.0	6.619101147436863	0.0	24605	33885	0.8072491024106685	15.328307744988386	16.178640018370615	30.847830878570676	1	1	1	0	0	1.0	1.0	1.0	0.8162672476397966	0.0	0.8162672476397966	1.3838848819438558	0.0	6.619101147436863	0.0	23949	33885	0.8162672476397966	2.352168411669023	12.36931687685298	41.603026980534196
case_00494	5	2	2	0	3	1.0	0.4	0.5714285714285714	0.9594290265655312	0.0011153780172470373	0.5482451580374463	0.663257943562795	0.002861510259567879	2.0	0.0	1866964	1920584	0.9593874453868307	0.9320332651595582	2.23606797749979	308.8962348997593	5	6	3	3	2	0.5	0.6	0.5454545454545454	0.8671687730737226	0.0351477802747633	0.47300114894930323	0.9979775522352422	0.13194671227358037	3.2787087696063097	0.9682813661878854	310175	302408	0.8425829642676992	4.911523898943077	26.217345212645526	267.1225956007838	1	1	1	0	0	1.0	1.0	1.0	0.7935199466029119	0.0	0.7935199466029119	22.015424410395415	0.0	159.94446301753956	0.0	279950	250416	0.7935199466029119	41.44414126132857	310.62002510956563	372.73254484310746
case_00495	3	3	2	1	1	0.6666666666666666	0.6666666666666666	0.6666666666666666	0.9527405833129131	0.00011704423724046009	0.6351603888752754	0.7446259541795586	0.02965367501302202	2.0968705484240155	0.09687054842401532	2160390	2309592	0.9527389595752287	1.111176604231396	3.0	280.24260201118886	2	2	2	0	0	1.0	1.0	1.0	0.7591764698779795	0.158300191972701	0.7591764698779795	1.2386680151755636	0.14700506348418296	4.163144707738035	0.4466275209084085	219791	232124	0.9141188055275882	1.5837112901373915	5.385164807134504	180.79252303019166	1	1	1	0	0	1.0	1.0	1.0	0.9137394687132907	0.0	0.9137394687132907	2.2679225503426275	0.0	4.031128874149275	0.0	215853	229368	0.9137394687132907	3.1954701054271495	6.324555320336759	163.38474894315004
case_00496	3	2	2	0	1	1.0	0.6666666666666666	0.8	0.9453498869803145	0.0008785248989449101	0.7562799095842516	0.7564234466236124	0.03308455829117468	2.2262812094883317	0.27371879051166825	1406885	1474152	0.945462345676227	1.1146600185757296	3.0	9.349303750321269	3	2	2	0	1	1.0	0.6666666666666666	0.8	0.776175191835329	0.07189635651570503	0.6209401534682633	2.715409083844043	2.078212634059846	7.786067527838482	6.286067527838482	192872	204416	0.703474557499849	5.3723806141185495	15.937377450509228	3.8496019449084997	1	1	1	0	0	1.0	1.0	1.0	0.6946680625248186	0.0	0.6946680625248186	9.607482721911918	0.0	16.25	0.0	190118	197696	0.6946680625248186	15.129655112571726	16.1245154965971	4.664798352867365
case_00497	3	2	2	0	1	1.0	0.6666666666666666	0.8	0.9643371233846261	0.0017806085395744575	0.7714696987077009	0.6030237638780235	0.031033148263837185	1.5885254915624212	0.08852549156242118	1183128	1208284	0.9644293831426789	0.8401678540164286	2.0	6.168790630996227	1	2	1	1	0	0.5	1.0	0.6666666666666666	0.8291537558459555	0.0	0.5527691705639703	1.3362806344862057	0.0	4.997493718553301	0.0	26020	26000	0.8281814686658977	1.7641388277683583	5.766159958614846	1.0341604072600603	1	1	1	0	0	1.0	1.0	1.0	0.8201467069391598	0.0	0.8201467069391598	1.3770020630293884	0.0	5.0	0.0	24986	26000	0.8201467069391598	1.7949380796870804	5.916079783099616	6.689566176384687
case_00498	2	3	2	1	0	0.6666666666666666	1.0	0.8	0.8746161301101569	0.02908035659034175	0.6996929040881256	2.3043728817471902	0.33728706850587364	10.414669458369815	2.5684920451322077	1312675	1641636	0.8775873630095139	3.3642472394592877	15.066519173319364	33.436597883701324	1	7	1	6	0	0.14285714285714285	1.0	0.25	0.6361279325348764	0.0	0.1590319831337191	3.251829470197631	0.0	9.017344398435716	0.0	54761	63372	0.6002217839215122	34.55386960411519	298.7189314389029	62.98510895855725	1	1	1	0	0	1.0	1.0	1.0	0.5959595095279249	0.0	0.5959595095279249	18.784566960360767	0.0	151.75889591612278	0.0	53495	63372	0.5959595095279249	35.114898262077624	298.8190087391914	366.2051213327795
case_00499	3	6	2	4	1	0.3333333333333333	0.6666666666666666	0.4444444444444444	0.9289925252084584	0.004044998900581964	0.4128855667593148	1.1082746283385245	0.11528064477051653	4.239135987999653	0.4312494350676985	2843028	3144684	0.9278589217383869	2.104603660186368	6.708203932499369	555.9190526530147	18	20	14	6	4	0.7	0.7777777777777778	0.7368421052631579	0.7534185330798655	0.1154783079938206	0.5551504980588482	1.9286207486795335	1.0423809370852206	6.917179326280511	6.05495263849099	764644	1068816	0.7863231267657871	3.7953530506548487	12.083045973594572	519.7486978061497	1	1	1	0	0	1.0	1.0	1.0	0.4767774988460976	0.0	0.4767774988460976	29.865108001519413	0.0	106.6419242136975	0.0	549563	319228	0.4767774988460976	40.13768066065017	148.68826446342086	961.0675854757428
case_00500	7	29	1	28	6	0.034482758620689655	0.14285714285714285	0.05555555555555555	0.20797666790453978	0.0	0.011554259328029988	15.998358489998711	0.0	73.35142294477546	0.0	224237	2394872	0.16996467119161515	16.10218542380995	64.28841264178172	461.5818338394165	1	2	1	1	0	0.5	1.0	0.6666666666666666	0.5632569677513498	0.0	0.37550464516756654	2.7396293093022885	0.0	10.344080432788601	0.0	13564	28705	0.5479192789041615	18.448975554762043	163.28196471135445	286.848407400772	1	1	1	0	0	1.0	1.0	1.0	0.4942389775727221	0.0	0.4942389775727221	13.325494267707779	0.0	107.608284817371	0.0	11826	28705	0.4942389775727221	20.532739499252504	163.6468708865203	531.1367757003754
case_00501	2	4	1	3	1	0.25	0.5	0.3333333333333333	0.12676519856118423	0.0	0.04225506618706141	11.136708321969646	0.0	37.699469492288614	0.0	39937	1019615	0.0733913956087101	67.7702435304481	309.82850094762597	462.75513461604714	1	0	0	0	1		0.0	0.0	0.0	nan	0.0	inf	nan	inf	nan	0	30705	0.0	inf	inf	215.06841277517378	1	0	0	0	1		0.0	0.0	0.0	nan	0.0	inf	nan	inf	nan	0	30705	0.0	inf	inf	234.8813869357109
case_00502	7	20	2	18	5	0.1	0.2857142857142857	0.14814814814814814	0.5321730956101621	0.244630121031436	0.07884045860891291	4.563492720404506	2.3708361248700878	17.026277210231253	7.408585179395581	513358	1237690	0.5731790333560245	6.556156944724151	29.13760456866693	301.1584983356297	3	0	0	0	3		0.0	0.0	0.0	nan	0.0	inf	nan	inf	nan	0	11150	0.0	inf	inf	77.39113341085613	1	0	0	0	1		0.0	0.0	0.0	nan	0.0	inf	nan	inf	nan	0	650	0.0	inf	inf	128.33789101056755
case_00503	4	6	0	6	4	0.0	0.0	0.0	0.0	nan	0.0	inf	nan	inf	nan	33730	2078644	0.030961373317414435	29.59157177837766	121.57466835567175	181.3155185393989	9	0	0	0	9		0.0	0.0	0.0	nan	0.0	inf	nan	inf	nan	0	132084	0.0	inf	inf	145.42623757384717	1	0	0	0	1		0.0	0.0	0.0	nan	0.0	inf	nan	inf	nan	0	35148	0.0	inf	inf	175.4456496629864
case_00504	4	5	2	3	2	0.4	0.5	0.4444444444444444	0.9366934302107832	0.021695444969822453	0.4163081912047925	0.973811066984499	0.31946984624123526	3.8417717948282157	2.2409907354700036	1313935	1461908	0.9374233341006678	1.4754648497203724	5.196152422706632	178.9490115698427	7	4	4	0	3	1.0	0.5714285714285714	0.7272727272727273	0.8123964966462467	0.05225649642706635	0.5908338157427249	0.8602973230686857	0.3020643889484585	2.512793556847881	1.052493962293265	36363	44972	0.8013524313026372	6.203477912866475	61.29722656746882	102.02562808990479	1	1	1	0	0	1.0	1.0	1.0	0.3409282700421941	0.0	0.3409282700421941	57.77726804751326	0.0	160.06627529915443	0.0	34512	14073	0.3409282700421941	113.52483177931924	317.1015610169766	184.5376536846161
case_00505	4	11	1	10	3	0.09090909090909091	0.25	0.13333333333333333	0.5356957747358025	0.0	0.071426103298107	4.359752563154727	0.0	16.80773631397161	0.0	298392	1412044	0.3469688430318352	9.456043892598712	42.96510211788167	161.7619449812919	7	2	1	1	6	0.5	0.14285714285714285	0.2222222222222222	0.5067591817203014	0.0	0.11261315149340032	2.5332616519097506	0.0	8.5	0.0	4441	16154	0.4113619810633649	27.1330317717648	338.63040302510257	6.286154190078378	1	1	1	0	0	1.0	1.0	1.0	0.48461960163245416	0.0	0.48461960163245416	2.6284518184939647	0.0	8.989577298182601	0.0	4138	12279	0.48461960163245416	2.9208184627904616	8.240102608905332	6.80351173505187
case_00506	2	5	2	3	0	0.4	1.0	0.5714285714285714	0.40307979482678225	0.10432351114472635	0.23033131132958984	6.48978591433838	0.8086629201475946	24.419951419995535	0.8349985898540222	377701	1416508	0.4195141145763955	9.739735236752217	39.63584236521283	9.89590983837843	2	0	0	0	2		0.0	0.0	0.0	nan	0.0	inf	nan	inf	nan	0	28216	0.0	inf	inf	6.389669211581349	1	0	0	0	1		0.0	0.0	0.0	nan	0.0	inf	nan	inf	nan	0	20068	0.0	inf	inf	13.603612249717116
case_00507	2	2	2	0	0	1.0	1.0	1.0	0.9392153089067439	0.01637001576000452	0.9392153089067439	0.8667309254611737	0.26025868658811846	3.2752642638320224	1.6744832044738103	1334355	1434740	0.9378847601833812	1.1997327477011337	4.0	100.32814843952656	2	2	2	0	0	1.0	1.0	1.0	0.7694314286802124	0.037188655910551205	0.7694314286802124	2.0730173152807874	0.25011321257856256	5.449995984975845	0.9531282524570033	144388	187020	0.7950683145850432	3.0902798115421333	10.954451150103322	68.72372383251786	1	1	1	0	0	1.0	1.0	1.0	0.8020481518178071	0.0	0.8020481518178071	2.3669236197968573	0.0	6.519202405202649	0.0	122022	154520	0.8020481518178071	3.3465360120186434	12.409673645990857	48.55325732938945
case_00508	2	2	2	0	0	1.0	1.0	1.0	0.9361236162499293	0.011259385809697708	0.9361236162499293	0.7724913992923793	0.15160647963069163	2.3175454373373254	0.6404944542124829	961748	1024912	0.9348474323739342	1.077395464774995	3.0	69.44670347124338	9	11	6	5	3	0.5454545454545454	0.6666666666666666	0.6	0.4904183923381365	0.16273803988196484	0.2942510354028819	2.156108481734404	1.4252625275024355	6.997966295595599	6.310319551280339	32110	270376	0.2036457885654212	9.825082322849015	40.30260497390161	9.132271770387888	1	1	1	0	0	1.0	1.0	1.0	0.021963744354389657	0.0	0.021963744354389657	33.523046288072116	0.0	138.0541107409266	0.0	2248	191708	0.021963744354389657	64.10074046780834	273.85717054584825	5.389332940801978
case_00509	3	0	0	0	3		0.0	0.0	0.0	nan	0.0	inf	nan	inf	nan	0	2003003	0.0	inf	inf	7.609373327344656	3	0	0	0	3		0.0	0.0	0.0	nan	0.0	inf	nan	inf	nan	0	44506	0.0	inf	inf	7.359715661033988	1	0	0	0	1		0.0	0.0	0.0	nan	0.0	inf	nan	inf	nan	0	40754	0.0	inf	inf	8.253520663827658
case_00510	4	17	2	15	2	0.11764705882352941	0.5	0.19047619047619047	0.8737326580544373	0.06407100771496094	0.1664252682008452	1.7848831441906023	0.830359831770845	7.639065691882579	3.363774850450114	1432190	1813115	0.861201027330251	12.45773792903992	17.916472867168917	51.08157926611602	3	3	1	2	2	0.3333333333333333	0.3333333333333333	0.3333333333333333	0.3958420625938145	0.0	0.13194735419793815	8.406369408607132	0.0	24.238914983989787	0.0	130726	499472	0.3916261238531382	35.90084706277095	42.96510211788167	22.17467057518661	1	1	1	0	0	1.0	1.0	1.0	0.3640069898916172	0.0	0.3640069898916172	28.138002853253575	0.0	26.557720158176227	0.0	117812	490495	0.3640069898916172	37.8399408610159	42.02380277890139	34.04856698028743
case_00511	2	7	2	5	0	0.2857142857142857	1.0	0.4444444444444444	0.9472680521951258	0.0018045271758960202	0.42100802319783365	0.7382975964983788	0.026563388983402825	2.155528850995407	0.20296643201874365	1498942	1614516	0.9467216194983199	1.8428085813874566	3.0	21.216056829318404	2	8	2	6	0	0.25	1.0	0.4	0.41632909300839704	0.27520450645933414	0.16653163720335884	2.18883984290646	0.6887662374716117	4.878733735945957	0.9736088979926301	15491	18856	0.49908288933531314	92.37255515346179	419.0536958162065	10.282125007361174	1	1	1	0	0	1.0	1.0	1.0	0.5398904901071585	0.0	0.5398904901071585	52.140569613849244	0.0	210.7373958271289	0.0	14285	15484	0.5398904901071585	103.37433606653664	420.3046514137097	12.183709798380733
case_00512	2	10	2	8	0	0.2	1.0	0.3333333333333333	0.3910250898986032	0.22518530467179018	0.1303416966328677	7.32522301417694	4.055579120579987	32.71089675633351	11.76662565667866	294040	1036912	0.43886631523901687	8.755962533807278	51.254268114957995	6.397427985444665	2	1	1	0	1	1.0	0.5	0.6666666666666666	0.707295924687229	0.0	0.47153061645815264	1.4773338368902147	0.0	4.301162633521313	0.0	8617	41328	0.34297727500250275	98.89438471399914	356.61288533761564	3.42151833884418	1	0	0	0	1		0.0	0.0	0.0	nan	0.0	inf	nan	inf	nan	0	25726	0.0	inf	inf	3.385081198066473
case_00513	2	8	2	6	0	0.25	1.0	0.4	0.95343873209928	0.002271457441039848	0.381375492839712	0.5612453489810281	0.019473629482887944	1.8027756377319946	0.0	1640645	1325113	0.8251920756852043	22.574646645084876	163.03067196083074	25.225750444456935	4	4	3	1	1	0.75	0.75	0.75	0.5238710373506908	0.24643139205519599	0.39290327801301816	2.3505306453405104	0.9178736878512995	6.461640087856295	1.9141248761967344	435051	112396	0.23409024069909964	81.19175008597188	230.98917723564452	14.021720798686147	1	1	1	0	0	1.0	1.0	1.0	0.2022724832103885	0.0	0.2022724832103885	70.33856927218966	0.0	181.38811978707966	0.0	416184	68044	0.2022724832103885	98.66417994691831	275.3930827004377	12.191148543730378
case_00514	4	12	1	11	3	0.08333333333333333	0.25	0.125	0.8649384583446729	0.0	0.10811730729308411	1.6231852335455614	0.0	7.158910531638177	0.0	618807	1482107	0.583739267766315	9.398729116914529	50.46781152378217	12.846834003925323	6	3	1	2	5	0.3333333333333333	0.16666666666666666	0.2222222222222222	0.16954022988505746	0.0	0.03767560664112388	4.335001582451715	0.0	11.621639299169459	0.0	12806	44291	0.049599803842583674	44.15258781265209	99.2028222126737	8.918642962351441	1	1	1	0	0	1.0	1.0	1.0	0.08372667199186697	0.0	0.08372667199186697	72.20235096892831	0.0	177.76828316659865	0.0	12417	15125	0.08372667199186697	140.61560727523496	352.9560879202964	9.203060431405902
case_00515	8	0	0	0	8		0.0	0.0	0.0	nan	0.0	inf	nan	inf	nan	0	1575872	0.0	inf	inf	4.236672654747963	20	0	0	0	20		0.0	0.0	0.0	nan	0.0	inf	nan	inf	nan	0	377527	0.0	inf	inf	4.141096444800496	1	0	0	0	1		0.0	0.0	0.0	nan	0.0	inf	nan	inf	nan	0	19708	0.0	inf	inf	4.479703854769468
case_00516	2	4	2	2	0	0.5	1.0	0.6666666666666666	0.8271909419306027	0.0571402202949699	0.5514606279537351	4.5756476735828375	2.293804840956389	14.130755730275565	7.148635708391095	2040296	2796324	0.7999214327360843	6.7290820158069184	22.561028345356956	9.257111687213182	3	6	2	4	1	0.3333333333333333	0.6666666666666666	0.4444444444444444	0.8295160435939503	0.07954301406224284	0.36867379715286674	4.589552860192926	2.9725916426019854	13.828567718943237	9.21202139078839	1825147	2579315	0.7854548410225812	7.138873205896891	24.71841418861655	9.237260423600674	1	1	1	0	0	1.0	1.0	1.0	0.7797481173465972	0.0	0.7797481173465972	5.9515962776863836	0.0	22.49027567638956	0.0	1797088	2579315	0.7797481173465972	7.300999043167913	25.079872407968907	9.802740136161447
case_00517	2	10	0	10	2	0.0	0.0	0.0	0.0	nan	0.0	inf	nan	inf	nan	537336	1606192	0.03384980275508414	108.64764222049408	251.32210407876002	20.89722847379744	1	5	0	5	1	0.0	0.0	0.0	0.0	nan	0.0	inf	nan	inf	nan	453448	147822	0.0	inf	inf	6.17589321359992	1	1	1	0	0	1.0	1.0	1.0	0.0	0.0	0.0	121.95373595301311	0.0	160.16745143601008	0.0	376339	147822	0.0	inf	inf	9.356572864577174
case_00518	2	8	1	7	1	0.125	0.5	0.2	0.6972109347600802	0.0	0.13944218695201605	4.149415930747467	0.0	16.087359153038552	0.0	272318	958556	0.4399150522311788	11.510470921570171	49.07137658554119	6.030666582286358	1	1	1	0	0	1.0	1.0	1.0	0.722086294613383	0.0	0.722086294613383	1.952814572144018	0.0	6.284902544988268	0.0	19818	31680	0.722086294613383	2.616790691858662	7.3484692283495345	3.124692725017667	1	1	1	0	0	1.0	1.0	1.0	0.7144483259410449	0.0	0.7144483259410449	1.9826904856834464	0.0	6.5	0.0	19274	31680	0.7144483259410449	2.699321006657955	8.0	3.5716315507888794
case_00519	5	18	2	16	3	0.1111111111111111	0.4	0.17391304347826086	0.7413045580685667	0.043207608614265924	0.12892253183801158	5.326186414845557	2.6434730369170385	23.74860582738141	11.839313471167081	1160852	1986780	0.7260975870114422	6.317354087686431	27.51363298439521	11.408594125881791	9	6	1	5	8	0.16666666666666666	0.1111111111111111	0.13333333333333333	0.947978033875692	0.0	0.1263970711834256	1.49967698807323	0.0	7.368216942184511	0.0	723759	851921	0.909100832656377	6.081620055087358	38.691084244306204	8.164445916190743	1	1	1	0	0	1.0	1.0	1.0	0.0	0.0	0.0	49.771932482696606	0.0	90.3894352233711	0.0	700273	62655	0.0	inf	inf	3.1085595414042473
case_00520	2	10	2	8	0	0.2	1.0	0.3333333333333333	0.28051013957782533	0.10574520820298386	0.09350337985927511	8.673245750487967	2.3675066678102947	37.96696183428655	9.94353413530583	267433	1405296	0.312191634149943	9.968815160963644	43.42810150121693	11.380826154723763	1	1	0	1	1	0.0	0.0	0.0	0.0	nan	0.0	inf	nan	inf	nan	152	52184	0.0	inf	inf	4.5772169306874275	1	0	0	0	1		0.0	0.0	0.0	nan	0.0	inf	nan	inf	nan	0	52184	0.0	inf	inf	4.942277025431395
case_00521	2	4	2	2	0	0.5	1.0	0.6666666666666666	0.5880234640854056	0.1893015140709946	0.39201564272360373	5.108326376953314	2.4753534714315624	22.899770077211343	10.308850791472743	468463	1017764	0.622707029276147	6.6936836029350415	31.701734968294716	8.273793432861567	7	2	2	0	5	1.0	0.2857142857142857	0.4444444444444444	0.3798504222410589	0.1502295104472036	0.16882240988491506	3.261161651907722	1.4112810843684127	9.025236961502298	1.5252369615022978	4897	39904	0.19361174973772907	35.24843835731393	269.27383826954815	4.573934903368354	1	1	1	0	0	1.0	1.0	1.0	0.0	0.0	0.0	29.520626783136677	0.0	43.37698122276376	0.0	118	28524	0.0	inf	inf	3.595732145011425
case_00522	2	5	1	4	1	0.2	0.5	0.2857142857142857	0.11532751784298176	0.0	0.032950719383709075	12.760193885874704	0.0	41.0556025409444	0.0	48946	1635868	0.04327599367051793	96.09378306593571	258.91504398161186	14.146892577409744	10	4	0	4	10	0.0	0.0	0.0	0.0	nan	0.0	inf	nan	inf	nan	7071	159552	0.0	inf	inf	4.583268765360117	1	1	1	0	0	1.0	1.0	1.0	0.0	0.0	0.0	189.00817925913344	0.0	230.51911525945087	0.0	2715	79536	0.0	inf	inf	6.815258026123047
case_00523	5	3	2	1	3	0.6666666666666666	0.4	0.5	0.7677845878913626	0.06954538349637363	0.3838922939456813	3.745154242529543	0.8276635685943181	22.466782277819885	9.017340705042447	1743043	2470160	0.8177749802228851	5.278331938210013	30.740852297878796	13.387481767684221	6	3	2	1	4	0.6666666666666666	0.3333333333333333	0.4444444444444444	0.8324175453533259	0.060416899462804374	0.3699633534903671	2.0504735654890096	0.8511721116877358	7.08065826640064	3.227105797643512	1310368	1372400	0.891573926631002	3.6544479497733686	14.0	9.622879749163985	1	1	1	0	0	1.0	1.0	1.0	0.8857159670086654	0.0	0.8857159670086654	3.0787363220257844	0.0	10.747092630102339	0.0	1276965	1357060	0.8857159670086654	3.9547439316872115	15.0996688705415	9.485518811270595
case_00524	2	8	2	6	0	0.25	1.0	0.4	0.5352630512159076	0.08955611954821471	0.21410522048636305	5.2836558511413525	0.7858646393791071	24.87440660804359	3.992746005264152	553763	1487736	0.5348471882670528	7.84892605099014	39.423977093205714	13.23435540497303	1	3	0	3	1	0.0	0.0	0.0	0.0	nan	0.0	inf	nan	inf	nan	231	11876	0.0	inf	inf	5.604920674115419	1	1	1	0	0	1.0	1.0	1.0	0.0	0.0	0.0	16.556547491913953	0.0	30.9271320456537	0.0	231	11876	0.0	inf	inf	6.395597131922841
case_00525	5	36	1	35	4	0.027777777777777776	0.2	0.04878048780487805	0.4079083152926082	0.0	0.019897966599639424	8.726341848240892	0.0	44.28388533089661	0.0	272447	1804467	0.251572284649244	13.399758735226584	42.07136793592526	9.729251639917493	2	2	1	1	1	0.5	0.5	0.5	0.11607350963693411	0.0	0.058036754818467054	8.630192384121091	0.0	28.22808877487728	0.0	14394	105080	0.10837504394261513	37.305215187241686	97.51410154434076	3.0858817137777805	1	1	1	0	0	1.0	1.0	1.0	0.01442958328207111	0.0	0.01442958328207111	54.20430589465511	0.0	109.3758428536117	0.0	8714	105080	0.01442958328207111	58.279877242385695	98.12772288587364	3.6978220362216234
case_00526	2	4	1	3	1	0.25	0.5	0.3333333333333333	0.9359179927277841	0.0	0.3119726642425947	1.782909566259488	0.0	8.73212459828649	0.0	2620689	3661933	0.8193913305623034	9.384327949815573	71.22499561249548	19.420395582914352	5	1	1	0	4	1.0	0.2	0.3333333333333333	0.9281680786147767	0.0	0.30938935953825886	2.052148939073816	0.0	8.154753215150045	0.0	1970792	2137812	0.9275330501552352	4.168990223537666	12.206555615733702	13.804029012098908	1	1	1	0	0	1.0	1.0	1.0	0.9255921018176764	0.0	0.9255921018176764	2.115984327645492	0.0	8.459462157844316	0.0	1951205	2135001	0.9255921018176764	2.8671341004897624	11.40175425099138	11.22718788124621
case_00527	6	6	1	5	5	0.16666666666666666	0.16666666666666666	0.16666666666666666	0.7061762906593	0.0	0.11769604844321666	8.415781196112086	0.0	41.982660109664856	0.0	1047530	2765324	0.5401213893844349	27.02037829253804	139.65009844078227	13.093697173520923	5	7	1	6	4	0.14285714285714285	0.2	0.16666666666666666	0.7961125793243417	0.0	0.13268542988739027	4.0575446422418295	0.0	16.16516316032721	0.0	783271	1008092	0.7891923635801342	8.596356812452983	28.792360097775937	8.690006256103516	1	1	1	0	0	1.0	1.0	1.0	0.7781129504578647	0.0	0.7781129504578647	4.622082413624235	0.0	17.24818831066034	0.0	753595	993100	0.7781129504578647	6.40654104807182	23.280893453645632	7.736062398180366
case_00528	2	0	0	0	2		0.0	0.0	0.0	nan	0.0	inf	nan	inf	nan	0	1706678	0.0	inf	inf	7.521636774763465	1	0	0	0	1		0.0	0.0	0.0	nan	0.0	inf	nan	inf	nan	0	59487	0.0	inf	inf	7.1108834613114595	1	0	0	0	1		0.0	0.0	0.0	nan	0.0	inf	nan	inf	nan	0	59487	0.0	inf	inf	8.128627141937613
case_00529	4	7	1	6	3	0.14285714285714285	0.25	0.18181818181818182	0.3492809107279976	0.0	0.0635056201323632	7.631542622711896	0.0	29.071087400270216	0.0	167590	1095288	0.2644166736612721	12.640729015818776	53.113086899558006	5.021845832467079	7	3	3	0	4	1.0	0.42857142857142855	0.6	0.47568362528336533	0.14207391684938347	0.2854101751700192	3.1208927597515186	1.7923453724908138	10.032717074045712	5.8159080099889096	27947	145368	0.32041081268211064	11.207930041929341	47.4236228055175	2.6752088125795126	1	1	1	0	0	1.0	1.0	1.0	0.32894824510101495	0.0	0.32894824510101495	8.123807289441123	0.0	23.50531854708632	0.0	25519	109560	0.32894824510101495	12.351664575351256	45.45327270945405	3.8713624700903893
case_00530	9	3	2	1	7	0.6666666666666666	0.2222222222222222	0.3333333333333333	0.961248501530342	0.001648468092245725	0.3204161671767807	0.6615674608659021	0.14482012594734267	1.9818616595847436	0.5676480972116486	2437423	2512981	0.9616790872017719	1.322692308948184	3.0	17.929539170116186	16	12	7	5	9	0.5833333333333334	0.4375	0.5	0.7613380128437098	0.1371075400658902	0.3806690064218549	0.7347964930623702	0.5112925660637497	2.521320073939529	1.9179831517674641	1143225	1120975	0.9119636074551718	3.538483225337743	11.0	13.538181878626347	1	1	1	0	0	1.0	1.0	1.0	0.9193699732513491	0.0	0.9193699732513491	2.4949659309248764	0.0	7.0178344238090995	0.0	1103834	1093660	0.9193699732513491	3.597230141229425	8.94427190999916	11.565112516283989
case_00531	4	21	1	20	3	0.047619047619047616	0.25	0.08	0.11561886956407252	0.0	0.009249509565125802	14.483852401866999	0.0	41.6473288459176	0.0	47212	7011844	0.013375726159418483	56.88503800593705	183.0109286354233	21.47787967696786	4	3	0	3	4	0.0	0.0	0.0	0.0	nan	0.0	inf	nan	inf	nan	9	5442684	3.307186350580494e-06	75.625238209989	188.62396454321492	9.872595822438598	1	0	0	0	1		0.0	0.0	0.0	nan	0.0	inf	nan	inf	nan	0	5433924	0.0	inf	inf	3.607411639764905
case_00532	3	5	2	3	1	0.4	0.6666666666666666	0.5	0.7700174533865749	0.19062525580990247	0.38500872669328745	2.3712938748316432	1.6030536483644584	9.25390529679106	6.753905296791061	1052517	1381935	0.8438178284065572	3.4964349848161533	18.466185312619388	9.38069225102663	1	2	1	1	0	0.5	1.0	0.6666666666666666	0.4036312136868824	0.0	0.2690874757912549	10.362486525843348	0.0	30.606831341090988	0.0	599298	165413	0.4036269911116749	13.57103348899926	41.59386965813372	5.223906857892871	1	1	1	0	0	1.0	1.0	1.0	0.37492153844830994	0.0	0.37492153844830994	11.055483458309457	0.0	30.72173477900504	0.0	558041	139753	0.37492153844830994	14.018635409080629	42.24926034855522	5.501325376331806
case_00533	2	9	2	7	0	0.2222222222222222	1.0	0.36363636363636365	0.9492190134665313	0.0027105212263283662	0.34517055035146593	1.198172095150559	0.4621917357530316	4.968618695160879	2.4686186951608793	3562933	3552064	0.943897797848685	4.165288888884027	9.0	28.182315716519952	1	10	1	9	0	0.1	1.0	0.18181818181818182	0.9296819393528049	0.0	0.16903307988232816	2.351939695361897	0.0	8.75	0.0	2232635	2261996	0.9264529168245402	7.223144770996298	12.083045973594572	18.918399864807725	1	1	1	0	0	1.0	1.0	1.0	0.9304755193510764	0.0	0.9304755193510764	4.3377128674658	0.0	10.0	0.0	2148508	2261996	0.9304755193510764	6.825026449899858	12.0	23.353545516729355
case_00534	2	3	2	1	0	0.6666666666666666	1.0	0.8	0.8984520831317944	0.040753496175388426	0.7187616665054355	1.317963757656936	0.5743313108007481	4.995332022125512	2.636836739111361	842736	995816	0.8976509775083871	1.8708700761156773	9.0	5.996454676613212	1	2	1	1	0	0.5	1.0	0.6666666666666666	0.6252979921948119	0.0	0.41686532812987454	3.3339741564343064	0.0	10.194359361584779	0.0	36059	77464	0.6238383411291104	8.72428564214523	17.146428199482248	1.8309017736464739	1	1	1	0	0	1.0	1.0	1.0	0.6163428399294758	0.0	0.6163428399294758	5.301690632872987	0.0	10.66653563612056	0.0	35405	77464	0.6163428399294758	8.744244709107004	17.233687939614086	2.135954411700368
case_00535	6	5	2	3	4	0.4	0.3333333333333333	0.36363636363636365	0.8010000878882606	0.06580466770451038	0.2912727592320948	2.2608125217487682	0.23987239163777563	11.688161606719493	0.5414132019155158	1055111	1532232	0.8100495373052587	3.59261307646502	18.681541692269406	13.834296839311719	1	3	1	2	0	0.3333333333333333	1.0	0.5	0.8674139487564902	0.0	0.4337069743782451	1.755673113896902	0.0	5.545268253204709	0.0	190643	245799	0.8673821492890235	2.5295148785670203	9.16515138991168	7.95394435338676	1	1	1	0	0	1.0	1.0	1.0	0.7652286646027245	0.0	0.7652286646027245	3.14946386733396	0.0	11.280514172678478	0.0	153760	245799	0.7652286646027245	4.018528539352268	13.152946437965905	9.112902631983161
case_00536	3	3	3	0	0	1.0	1.0	1.0	0.8169903046564198	0.1821404215541286	0.8169903046564198	0.5939073577390004	0.2280976086595825	2.0545650143440546	1.0221449157591187	1413609	1506900	0.9451016928898353	1.0378451685405268	3.0	11.043560767546296	1	2	1	1	0	0.5	1.0	0.6666666666666666	0.848687209243436	0.0	0.5657914728289573	1.7145830304469154	0.0	5.482928049865327	0.0	137817	142292	0.8375525241959381	14.967671692245244	13.92838827718412	4.614002602174878	1	1	1	0	0	1.0	1.0	1.0	0.8351315526664609	0.0	0.8351315526664609	8.188029366279336	0.0	7.5	0.0	133073	142292	0.8351315526664609	15.331229536913613	14.317821063276353	5.352161014452577
case_00537	2	6	2	4	0	0.3333333333333333	1.0	0.5	0.6108891598543231	0.27468933266950446	0.30544457992716156	4.8766183645442185	3.382072611414089	21.82957550626989	15.599607609081334	618643	1213453	0.6721230765200077	5.343972331516168	30.01666203960727	6.889515234157443	1	0	0	0	1		0.0	0.0	0.0	nan	0.0	inf	nan	inf	nan	0	10963	0.0	inf	inf	1.6351763848215342	1	0	0	0	1		0.0	0.0	0.0	nan	0.0	inf	nan	inf	nan	0	10963	0.0	inf	inf	1.907396724447608
case_00538	4	36	2	34	2	0.05555555555555555	0.5	0.1	0.8505410858561286	0.050122925985186695	0.08505410858561287	2.496329962834658	1.5706499707152441	9.377463803891084	5.15697804985755	1455807	1821685	0.7694792237479146	9.70749811365846	52.848841046895245	19.07881031744182	6	26	3	23	3	0.11538461538461539	0.5	0.1875	0.5464560982133431	0.20311361010462123	0.10246051841500182	3.3824653916350242	1.113566788594008	11.86618726453139	2.3751865254208484	971232	1422697	0.7391839941786076	9.32404749360476	27.386127875258307	14.02631265297532	1	1	1	0	0	1.0	1.0	1.0	0.7050495719224193	0.0	0.7050495719224193	8.201877381756404	0.0	29.086079144497972	0.0	946377	1244581	0.7050495719224193	10.43994543788055	33.28663395418648	16.321038393303752
case_00539	4	16	1	15	3	0.0625	0.25	0.1	0.7025664066953239	0.0	0.0702566406695324	5.9623806925072795	0.0	22.599778759979046	0.0	1269995	3596104	0.5171164828335798	22.27804061797594	110.29505881951376	16.12626758404076	1	6	1	5	0	0.16666666666666666	1.0	0.2857142857142857	0.22117525239451205	0.0	0.06319292925557486	18.5708562468042	0.0	59.68301684734109	0.0	978739	199628	0.22114672254060067	30.24834210529218	105.65060340071975	5.7430038675665855	1	1	1	0	0	1.0	1.0	1.0	0.22053336107643223	0.0	0.22053336107643223	18.42680774087588	0.0	59.39328665766864	0.0	953812	199628	0.22053336107643223	30.04745004327806	104.94284158531252	5.943002657964826
case_00540	10	17	0	17	10	0.0	0.0	0.0	0.0	nan	0.0	inf	nan	inf	nan	208441	388505	0.08413491337574923	46.7600607320786	100.8265837961398	13.3969144821167	16	5	4	1	12	0.8	0.25	0.38095238095238093	0.5847117127464107	0.20927746112125706	0.22274731914148976	2.2617402560589994	1.5895678621298495	9.30185954671078	7.525658787562635	14262	105584	0.22380388164811507	16.334953518964507	108.60386729932321	6.535858567804098	1	1	1	0	0	1.0	1.0	1.0	0.05539522506652674	0.0	0.05539522506652674	32.46814930064678	0.0	138.51231888178341	0.0	1410	25271	0.05539522506652674	59.82233653611861	276.80534622595655	5.74051234126091
case_00541	5	13	1	12	4	0.07692307692307693	0.2	0.1111111111111111	0.2146225705442342	0.0	0.023846952282692686	9.150322153817152	0.0	36.36619309193636	0.0	117822	1819212	0.12127407159605871	20.390355703261463	85.05292469985967	13.213534239679575	1	0	0	0	1		0.0	0.0	0.0	nan	0.0	inf	nan	inf	nan	0	25582	0.0	inf	inf	6.28244554810226	1	0	0	0	1		0.0	0.0	0.0	nan	0.0	inf	nan	inf	nan	0	25582	0.0	inf	inf	7.223974600434303
case_00542	4	8	2	6	2	0.25	0.5	0.3333333333333333	0.7684138097229922	0.11108413503860054	0.2561379365743307	3.262317082114962	0.9184715669871557	14.851533694702349	4.423206887395244	1675478	2412775	0.8142392361725167	4.57132963713344	21.95449840010015	12.097915936261415	4	3	1	2	3	0.3333333333333333	0.25	0.2857142857142857	0.9076615488773319	0.0	0.2593318711078091	2.0200311480050006	0.0	7.318640584152224	0.0	745449	758298	0.8933444256247893	3.64267423838293	14.247806848775006	6.105183392763138	1	1	1	0	0	1.0	1.0	1.0	0.9021011645711078	0.0	0.9021011645711078	2.7475895955348104	0.0	8.648157146415343	0.0	730114	744592	0.9021011645711078	3.389600744945885	11.789826122551595	6.662559440359473
case_00543	6	13	2	11	4	0.15384615384615385	0.3333333333333333	0.21052631578947367	0.7561820892728262	0.13258603510885397	0.15919622932059496	3.7951069365799555	0.74725656355373	18.494970036176298	3.1571083859983293	2539198	3442298	0.8235197348623153	7.582538628543151	28.879058156387302	41.938245279714465	5	17	3	14	2	0.17647058823529413	0.6	0.2727272727272727	0.5726210971882053	0.2614938067026821	0.1561693901422378	6.6066633784327164	4.571417551911635	27.803684030434628	18.755775332609865	1979202	2499098	0.8628247325994239	4.248834606254343	18.384776310850235	19.500524466857314	1	1	1	0	0	1.0	1.0	1.0	0.9146788302866303	0.0	0.9146788302866303	5.66133112145085	0.0	11.543396380615196	0.0	1835115	2045528	0.9146788302866303	10.033866579522439	16.1245154965971	19.088918881490827
case_00544	3	11	1	10	2	0.09090909090909091	0.3333333333333333	0.14285714285714285	0.1327446600759776	0.0	0.0189635228679968	16.82816803274486	0.0	76.74975569838168	0.0	90206	1447499	0.11730338393905203	21.353600348208833	102.49390225764652	11.796759214252234	4	1	0	1	4	0.0	0.0	0.0	0.0	nan	0.0	inf	nan	inf	nan	1600	61679	0.0	inf	inf	7.119485981762409	1	1	1	0	0	1.0	1.0	1.0	0.0	0.0	0.0	149.24386512647305	0.0	154.94583654437022	0.0	1593	3582	0.0	inf	inf	8.03522988781333
case_00545	9	6	1	5	8	0.16666666666666666	0.1111111111111111	0.13333333333333333	0.9351221742227944	0.0	0.12468295656303925	2.080270110979085	0.0	9.12414379544733	0.0	2708444	3959746	0.8064701215772196	46.53715944084832	285.4112821863624	20.978243313729763	6	20	1	19	5	0.05	0.16666666666666666	0.07692307692307693	0.8113737093427787	0.0	0.06241336225713683	4.686311573631623	0.0	18.405162319305962	0.0	2057694	2921766	0.8113895884292674	6.836925175440218	28.600699292150182	15.255719719454646	1	1	1	0	0	1.0	1.0	1.0	0.7960648773367945	0.0	0.7960648773367945	4.908775899103112	0.0	18.643028187502157	0.0	1991321	2921766	0.7960648773367945	7.252493478466665	29.410882339705484	15.4149239808321
case_00546	5	2	2	0	3	1.0	0.4	0.5714285714285714	0.8460398144168753	0.1003090068138544	0.4834513225239287	2.221207564207448	1.1463517844433537	8.148179825241039	5.409567037715209	1361580	1740304	0.8662084075355494	3.1812218008953366	15.297058540778355	7.342378729954362	1	2	1	1	0	0.5	1.0	0.6666666666666666	0.785940997937266	0.0	0.5239606652915106	2.7432976052808353	0.0	9.02461784937441	0.0	455768	255808	0.4770931003856229	70.02228443890463	277.1461708196597	2.7130902353674173	1	1	1	0	0	1.0	1.0	1.0	0.4770927446111229	0.0	0.4770927446111229	35.077621549282775	0.0	139.2481373304125	0.0	434410	255808	0.4770927446111229	68.59305354907251	277.80712731878526	3.5826562587171793
case_00547	4	2	1	1	3	0.5	0.25	0.3333333333333333	0.4086883163165662	0.0	0.13622943877218874	13.576248069152077	0.0	70.73056270099934	0.0	233839	1662529	0.24350547994903943	21.691643415467944	100.48382954485761	10.87447819672525	2	3	0	3	2	0.0	0.0	0.0	0.0	nan	0.0	inf	nan	inf	nan	15764	132912	0.07740321235438134	35.87085720725766	314.9717447558699	6.5955023560673	1	1	1	0	0	1.0	1.0	1.0	0.06303282218864725	0.0	0.06303282218864725	20.904925575638753	0.0	160.64565041106755	0.0	13361	132912	0.06303282218864725	37.48166994342877	320.4259664847131	7.730950208380818
case_00548	2	2	2	0	0	1.0	1.0	1.0	0.8825057444153059	0.06597936393124787	0.8825057444153059	1.712323105859713	0.9180727425787788	6.890257086339239	4.390257086339239	1632451	1987880	0.8879337276066747	2.394579396369118	12.083045973594572	11.486509190872312	2	7	2	5	0	0.2857142857142857	1.0	0.4444444444444444	0.3547958565301308	0.03130850105356098	0.15768704734672478	3.5681573194176504	0.28226279091504614	10.458342940246329	2.773129865776631	96797	27944	0.1298209890893932	114.02738757379971	357.5136361035758	5.578279780223966	1	1	1	0	0	1.0	1.0	1.0	0.07700277593150096	0.0	0.07700277593150096	61.28270974627014	0.0	179.35300386936396	0.0	91612	10696	0.07700277593150096	121.43245817627104	358.2775460445273	7.087017901241779
case_00549	2	1	0	1	2	0.0	0.0	0.0	0.0	nan	0.0	inf	nan	inf	nan	4984	1379772	0.007198380075623431	80.10461163104195	309.90321069650116	6.046827603131533	3	0	0	0	3		0.0	0.0	0.0	nan	0.0	inf	nan	inf	nan	0	86272	0.0	inf	inf	2.4608562625944614	1	0	0	0	1		0.0	0.0	0.0	nan	0.0	inf	nan	inf	nan	0	45976	0.0	inf	inf	2.816725930199027
case_00550	2	2	2	0	0	1.0	1.0	1.0	0.7126422806124402	0.005086193726471289	0.7126422806124402	3.7299912290580792	0.2563233558029081	14.05425907813931	1.7966084060080476	789496	1413788	0.7126925080924656	5.775445412456387	22.978250586152114	6.663015296682715	2	2	0	2	2	0.0	0.0	0.0	0.0	nan	0.0	inf	nan	inf	nan	655	17820	0.0	inf	inf	1.4626435916870832	1	1	1	0	0	1.0	1.0	1.0	0.0	0.0	0.0	25.074713203560236	0.0	39.27511139186381	0.0	610	16372	0.0	inf	inf	1.6715188566595316
case_00551	3	3	2	1	1	0.6666666666666666	0.6666666666666666	0.6666666666666666	0.9530335506553783	0.008502518020831795	0.6353557004369188	1.1261563960527008	0.3060009484208196	3.942582403567252	1.4425824035672519	2329874	2302764	0.9479933463396018	2.3731012368271975	6.0	11.868324683979154	2	7	2	5	0	0.2857142857142857	1.0	0.4444444444444444	0.6307000788780701	0.16562542813156267	0.28031114616803116	5.138467849709584	0.5671388109547868	18.72361482355575	4.0863336552513	1448344	1155104	0.7416618269310545	7.273672090523774	20.8806130178211	8.920313706621528	1	1	1	0	0	1.0	1.0	1.0	0.7784883516002823	0.0	0.7784883516002823	10.900717415068696	0.0	107.13149045647644	0.0	1312986	899936	0.7784883516002823	18.754787845972213	210.64781017371632	8.223735701292753
case_00552	3	4	1	3	2	0.25	0.3333333333333333	0.2857142857142857	0.7622414007520227	0.0	0.21778325735772078	4.908768292980333	0.0	31.614869919074472	0.0	847585	1946418	0.5968812488748223	14.196527166855239	68.68769904429759	12.533240679651499	1	4	1	3	0	0.25	1.0	0.4	0.887500695487676	0.0	0.3550002781950704	2.2304077406859637	0.0	8.97566153550812	0.0	647658	790190	0.8875054943220702	3.3179602513930577	13.490737563232042	8.245080690830946	1	1	1	0	0	1.0	1.0	1.0	0.8788608305274972	0.0	0.8788608305274972	2.3679555826083645	0.0	9.737171047075224	0.0	635410	790190	0.8788608305274972	3.5130553017764257	14.45683229480096	8.869822639971972
case_00553	2	4	2	2	0	0.5	1.0	0.6666666666666666	0.7401625815229917	0.014506961524664741	0.4934417210153278	3.9567376605144	0.2136204977549392	15.467866720908987	0.9657117086358094	856012	1311416	0.7393140625663228	6.21651506333886	25.337718918639855	9.089428961277008	2	9	2	7	0	0.2222222222222222	1.0	0.36363636363636365	0.5048324388091286	0.1617502298088773	0.1835754322942286	4.082436693609488	0.2688880359542236	12.77125447859429	1.255505660511246	453836	149320	0.34887823382342215	59.48103460817259	230.9805186590419	6.179213671013713	1	1	1	0	0	1.0	1.0	1.0	0.3639631800273956	0.0	0.3639631800273956	36.25636295731479	0.0	129.7593927236098	0.0	397609	144814	0.3639631800273956	60.638940524128344	231.38841802694358	8.035610226914287
case_00554	4	1	1	0	3	1.0	0.25	0.4	0.8401458809515522	0.0	0.3360583523806209	2.1129230580551024	0.0	13.19564194556804	0.0	330492	859033	0.5478674260734326	55.81489050331294	271.81022791546786	5.1953681614249945	3	1	1	0	2	1.0	0.3333333333333333	0.5	0.4644241954245832	0.0	0.2322120977122916	3.5133742174298437	0.0	7.437237390321759	0.0	9592	39731	0.38854084301441516	31.980040134239296	291.4942537613781	2.0391002018004656	1	0	0	0	1		0.0	0.0	0.0	nan	0.0	inf	nan	inf	nan	0	4676	0.0	inf	inf	1.7330670952796936
case_00555	3	4	2	2	1	0.5	0.6666666666666666	0.5714285714285714	0.6738130355060915	0.2647010703412602	0.38503602028919515	3.1744456732676256	2.375221297724779	11.444726606564753	9.250985509716722	468913	881508	0.6931216265149905	5.286562306846713	26.645825188948457	7.717943834140897	4	5	2	3	2	0.4	0.5	0.4444444444444444	0.2154349796014416	0.09611173828354312	0.09574887982286293	2.7156300255664356	1.0007544825973924	7.592586817769288	2.606371365726084	5633	32866	0.2901893555676771	6.5474970041670915	20.273134932713294	5.019859122112393	1	1	1	0	0	1.0	1.0	1.0	0.06902128210104147	0.0	0.06902128210104147	5.482151946285938	0.0	13.290503430234471	0.0	1073	29845	0.06902128210104147	8.867053300727816	25.461734407615182	5.055792074650526
case_00556	2	9	2	7	0	0.2222222222222222	1.0	0.36363636363636365	0.2755294255215204	0.11447045356994603	0.10019251837146195	19.78421785280475	2.1813681414314274	79.27938356351883	6.070777512044259	976757	4278460	0.35557884669653034	23.0817825962121	90.0	20.58567524701357	1	7	1	6	0	0.14285714285714285	1.0	0.25	0.1450297006345835	0.0	0.03625742515864588	20.700440738414336	0.0	77.01972150014883	0.0	333419	2753144	0.14500918983348146	27.566231013966757	95.65040512198576	11.700526842847466	1	1	1	0	0	1.0	1.0	1.0	0.13823828221532716	0.0	0.13823828221532716	20.778725316007012	0.0	77.44217600870313	0.0	306052	2753144	0.13823828221532716	28.149238156160482	95.9218431849597	10.698385844007134
case_00557	3	8	1	7	2	0.125	0.3333333333333333	0.18181818181818182	0.13075750501249692	0.0	0.023774091820453987	13.423087396327622	0.0	45.80573789344777	0.0	98229	2181321	0.08600293917659187	23.241140121052226	87.88287655869883	15.053312879055738	1	0	0	0	1		0.0	0.0	0.0	nan	0.0	inf	nan	inf	nan	0	61420	0.0	inf	inf	6.136733012273908	1	0	0	0	1		0.0	0.0	0.0	nan	0.0	inf	nan	inf	nan	0	61420	0.0	inf	inf	7.026951294392347
case_00558	2	8	1	7	1	0.125	0.5	0.2	0.10101394824388124	0.0	0.02020278964877625	21.546077986655458	0.0	86.42117072658107	0.0	103292	2377403	0.08051453322556784	21.532105962476066	73.70888684548153	13.504350032657385	4	2	0	2	4	0.0	0.0	0.0	0.0	nan	0.0	inf	nan	inf	nan	31473	741021	0.07226463894865202	24.136901078460642	57.645468165329355	7.617462661117315	1	1	1	0	0	1.0	1.0	1.0	0.07030184470094714	0.0	0.07030184470094714	17.732148833826077	0.0	61.26673240294432	0.0	30069	734662	0.07030184470094714	18.247262057822056	54.194095619356915	7.780325066298246
case_00559	2	9	2	7	0	0.2222222222222222	1.0	0.36363636363636365	0.8692510625960643	0.002278339228366677	0.31609129548947795	1.4489084001881967	0.14938116568841442	7.1145435757449675	0.5380703567620153	1240157	1575337	0.8691220794645629	2.203277638669764	11.045361017187261	10.132689021527767	1	2	1	1	0	0.5	1.0	0.6666666666666666	0.5106540214312107	0.0	0.34043601428747383	5.173399955971799	0.0	17.613914953808536	0.0	31207	74721	0.5088173098708557	10.482953597072656	15.165750888103101	3.3262174483388662	1	1	1	0	0	1.0	1.0	1.0	0.49151341646853314	0.0	0.49151341646853314	5.1810437598945125	0.0	17.81852968120546	0.0	28324	74721	0.49151341646853314	5.801732583490072	15.556349186104045	3.425796965137124
case_00560	2	2	2	0	0	1.0	1.0	1.0	0.9410546299953155	0.006504053543753218	0.9410546299953155	0.8809207509249576	0.005199088938435126	2.7155975955465412	0.023015191979289362	720445	746203	0.9441583801975661	1.2871686229044448	3.605551275463989	3.5669567808508873	1	2	1	1	0	0.5	1.0	0.6666666666666666	0.9314568304969618	0.0	0.6209712203313078	0.9927457716578159	0.0	2.8284271247461903	0.0	316452	334263	0.9314584726032133	1.502623517154261	4.47213595499958	1.8941066041588783	1	1	1	0	0	1.0	1.0	1.0	0.8549941764729507	0.0	0.8549941764729507	2.106164083925079	0.0	8.73212459828649	0.0	263313	334263	0.8549941764729507	2.981215466910414	10.816653826391969	2.0164417196065187
case_00561	3	18	2	16	1	0.1111111111111111	0.6666666666666666	0.19047619047619047	0.4901321482085804	0.08067246758385804	0.09335850442068198	9.028139574481793	3.5084447899247055	38.83135631506476	13.956544760844672	1001548	2112817	0.46449147739587365	11.473324808831581	45.749316934791494	20.331486696377397	1	11	1	10	0	0.09090909090909091	1.0	0.16666666666666666	0.614774951076321	0.0	0.1024624918460535	1.9326543747421283	0.0	5.425624412499077	0.0	343190	14153	0.035165093481612904	151.12226273902584	387.1005682884693	7.549503406509757	1	1	1	0	0	1.0	1.0	1.0	0.23089926867810812	0.0	0.23089926867810812	66.56563040596726	0.0	191.84140584760456	0.0	40269	14153	0.23089926867810812	128.3260455279831	382.1583441454602	10.454344747588038
case_00562	4	9	2	7	2	0.2222222222222222	0.5	0.3076923076923077	0.15822588386806136	0.009043253050552383	0.04868488734401888	15.7454640289314	1.5292848896951927	68.10731620076106	5.395574880938803	119882	1277970	0.17102525875414565	18.640323723296028	88.3742043811428	10.142056094482541	2	0	0	0	2		0.0	0.0	0.0	nan	0.0	inf	nan	inf	nan	0	36493	0.0	inf	inf	4.265697119757533	1	0	0	0	1		0.0	0.0	0.0	nan	0.0	inf	nan	inf	nan	0	26931	0.0	inf	inf	4.87772286683321
case_00563	1	2	1	1	0	0.5	1.0	0.6666666666666666	0.8982612820074801	0.0	0.5988408546716534	1.7508178250626145	0.0	9.503288904374106	0.0	954151	1141534	0.8982628591606086	2.725473944183079	15.033296378372908	7.608360486105084	5	10	3	7	2	0.3	0.6	0.4	0.4758074295962813	0.1700259363905413	0.19032297183851254	5.679052069107528	0.7711118825372706	25.201515916772262	4.166361327595711	177971	198167	0.6633150598982288	5.6949914752639454	22.67156809750927	6.118894098326564	1	1	1	0	0	1.0	1.0	1.0	0.0	0.0	0.0	26.548688610716077	0.0	52.292566373652086	0.0	141479	15176	0.0	inf	inf	6.119200989603996
case_00564	3	6	1	5	2	0.16666666666666666	0.3333333333333333	0.2222222222222222	0.4870235698795798	0.0	0.10822745997323995	5.638716389671984	0.0	20.310096011589902	0.0	269115	1399892	0.3220010461310228	47.10352371573483	226.26091133909983	8.67116080224514	2	2	0	2	2	0.0	0.0	0.0	0.0	nan	0.0	inf	nan	inf	nan	13	9069	0.0	inf	inf	4.131178503856063	1	1	1	0	0	1.0	1.0	1.0	0.0	0.0	0.0	41.35710708232884	0.0	144.6615014407654	0.0	13	8577	0.0	inf	inf	4.8872199431061745
case_00565	2	2	2	0	0	1.0	1.0	1.0	0.7369861785130093	0.04444543332226003	0.7369861785130093	6.029647833927655	1.887339828540663	37.616341011649425	12.955390222311705	1951640	2973068	0.7605498640731593	9.131625098822045	58.70264048575669	22.289906857535243	4	2	2	0	2	1.0	0.5	0.6666666666666666	0.6849991737201184	0.22739399572659091	0.45666611581341227	2.330767536829805	0.1658139479447902	8.181530406225846	1.4361616246098254	1450172	1611588	0.9050382786371237	4.452473288892255	22.825424421026653	16.37899580784142	1	1	1	0	0	1.0	1.0	1.0	0.9082804910832526	0.0	0.9082804910832526	2.2285589038416798	0.0	9.829163747610465	0.0	1429645	1594608	0.9082804910832526	3.272319552816943	15.588457268119896	15.397543361410499
case_00566	4	8	1	7	3	0.125	0.25	0.16666666666666666	0.3674088350013438	0.0	0.061234805833557296	8.943325770160367	0.0	43.45687517528153	0.0	133306	1162629	0.20415221442433457	28.628615473916916	143.06536966518118	10.408525669947267	2	0	0	0	2		0.0	0.0	0.0	nan	0.0	inf	nan	inf	nan	0	22870	0.0	inf	inf	4.340506382286549	1	0	0	0	1		0.0	0.0	0.0	nan	0.0	inf	nan	inf	nan	0	19185	0.0	inf	inf	5.135002713650465
case_00567	6	6	1	5	5	0.16666666666666666	0.16666666666666666	0.16666666666666666	0.10999278003163034	0.0	0.018332130005271723	30.81238309185285	0.0	113.55447481212205	0.0	149105	2462098	0.10905471539363275	33.50005116991428	133.33791658789335	19.56752653606236	4	2	2	0	2	1.0	0.5	0.6666666666666666	0.2924398551572389	0.0619465451405648	0.19495990343815928	8.243901369489285	5.65389551028038	31.838618438603923	23.7454114104846	47236	394740	0.19881170018281535	25.74374536481131	169.21170162910528	12.12014439329505	1	1	1	0	0	1.0	1.0	1.0	0.2163474153765416	0.0	0.2163474153765416	15.186241532109669	0.0	56.05354582896607	0.0	42766	323090	0.2163474153765416	15.008616288418349	46.10856753359401	10.60750981234014
case_00568	23	37	1	36	22	0.02702702702702703	0.043478260869565216	0.03333333333333333	0.19368794146366208	0.0	0.006456264715455403	26.50656795300221	0.0	93.62057733212288	0.0	444578	3802521	0.20755296733134782	16.664476928083374	50.16971197844373	21.42632047459483	4	44	1	43	3	0.022727272727272728	0.25	0.041666666666666664	0.19440527597296658	0.0	0.008100219832206941	21.02669199822853	0.0	60.98193892416641	0.0	213442	1890955	0.20052490095737638	21.192037889677906	51.54609587543949	16.387103587388992	1	1	1	0	0	1.0	1.0	1.0	0.20930771569356357	0.0	0.20930771569356357	16.45734768575848	0.0	52.52142420003479	0.0	210905	1782409	0.20930771569356357	18.98289537321358	48.0	17.76227525435388
case_00569	5	2	2	0	3	1.0	0.4	0.5714285714285714	0.916634059551187	0.010625678873394107	0.5237908911721069	1.1566193631776964	0.07837557118460925	4.6841504122635165	0.4636646582299835	1230053	1420224	0.9161555565701246	1.7714687728988947	7.681145747868608	7.8905874490737915	1	4	0	4	1	0.0	0.0	0.0	0.0	nan	0.0	inf	nan	inf	nan	6384	5364	0.0	inf	inf	1.7301034107804298	1	1	1	0	0	1.0	1.0	1.0	0.0	0.0	0.0	40.40780575142887	0.0	47.99309794676698	0.0	5319	5364	0.0	inf	inf	1.9536887519061565
case_00570	8	3	2	1	6	0.6666666666666666	0.25	0.36363636363636365	0.697279771516573	0.0976878514106217	0.2535562805514811	4.177691509868484	1.121939975337954	16.65517530460055	2.3924623441998927	780609	1380472	0.7132661848399019	5.869246354064228	24.596747752497688	7.038100654259324	1	2	1	1	0	0.5	1.0	0.6666666666666666	0.4096549379568247	0.0	0.27310329197121647	1.816509067235517	0.0	5.599096398314051	0.0	2120	4616	0.3577790973871734	12.111899975720991	46.879632121080746	1.6267113592475653	1	1	1	0	0	1.0	1.0	1.0	0.3493058665472459	0.0	0.3493058665472459	10.934097338341514	0.0	44.08698781789782	0.0	2083	4616	0.3493058665472459	12.1943985446429	46.88922942773125	1.8882742039859295
case_00571	3	5	1	4	2	0.2	0.3333333333333333	0.25	0.5027099904428507	0.0	0.12567749761071267	9.27004343667759	0.0	38.899911618291874	0.0	514944	1518170	0.5027480013417841	14.09118881273822	65.92419889539804	8.8284932654351	3	8	1	7	2	0.125	0.3333333333333333	0.18181818181818182	0.48741730306962494	0.0	0.0886213278308409	5.47294996920334	0.0	17.96002505566181	0.0	148722	334849	0.47419717063264755	7.514983525581009	20.639767440550294	4.9071957767009735	1	1	1	0	0	1.0	1.0	1.0	0.48218567662662826	0.0	0.48218567662662826	6.8679571037126	0.0	21.62897362335994	0.0	141059	312256	0.48218567662662826	7.4443258668276036	21.236760581595302	5.330685826018453
case_00572	5	144	2	142	3	0.013888888888888888	0.4	0.026845637583892617	0.666459534235446	0.17239757031021177	0.017891531120414656	7.045175225464133	4.475434738813004	29.576358608346517	18.43171362850035	2854901	6996752	0.5438295481986627	12.32906874294767	52.43090691567332	42.4785610884428	1	177	1	176	0	0.005649717514124294	1.0	0.011235955056179775	0.35542180692711123	0.0	0.0039935034486192275	13.28524832658217	0.0	53.035954785409494	0.0	1495565	5661434	0.35374994463461573	18.69882123279747	70.24243731534378	38.78899133205414	1	1	1	0	0	1.0	1.0	1.0	0.31902517616803333	0.0	0.31902517616803333	13.873344618521882	0.0	53.033008588991066	0.0	1338559	5661434	0.31902517616803333	19.118718380560033	73.60706487831179	32.320590272545815
case_00573	2	2	2	0	0	1.0	1.0	1.0	0.8108794427735275	0.09202700746980158	0.8108794427735275	3.448681228061934	0.7804523555923102	12.976578886971954	1.671159832376941	1828161	1922888	0.8588077628418077	4.060067786154798	16.0	11.325042935088277	1	6	1	5	0	0.16666666666666666	1.0	0.2857142857142857	0.8216208666142449	0.0	0.2347488190326414	5.000012719340178	0.0	19.046325093552813	0.0	1108121	825036	0.821571139850514	5.821280840996487	19.621416870348583	7.813560027629137	1	1	1	0	0	1.0	1.0	1.0	0.8280454338746858	0.0	0.8280454338746858	4.848631062039658	0.0	18.988483351758244	0.0	1088074	825036	0.8280454338746858	5.6014036551100155	19.313207915827967	6.707602122798562
case_00574	4	3	2	1	2	0.6666666666666666	0.5	0.5714285714285714	0.9295799463653516	0.02004567937918955	0.5311885407802008	1.1192129159074207	0.43256134628089815	4.616179412723955	2.2576841297098045	1564194	1749712	0.9278579416555569	1.5626072460246894	6.4031242374328485	10.517889367416501	1	7	1	6	0	0.14285714285714285	1.0	0.25	0.8808771700822347	0.0	0.22021929252055866	0.7561348937717927	0.0	2.4365635703486324	0.0	46529	18600	0.5180795037540881	66.01703230401513	299.4727029811165	3.322222989052534	1	1	1	0	0	1.0	1.0	1.0	0.5130046795081076	0.0	0.5130046795081076	34.198691188572404	0.0	150.59710318842764	0.0	45723	18600	0.5130046795081076	66.46038836480632	299.5199490913597	4.321585230529308
case_00575	5	5	0	5	5	0.0	0.0	0.0	0.0	nan	0.0	inf	nan	inf	nan	801	2021211	0.0005380779144733067	39.21374895759298	136.26811806141598	13.788204008713365	3	1	0	1	3	0.0	0.0	0.0	0.0	nan	0.0	inf	nan	inf	nan	141	170420	0.0	inf	inf	7.593310849741101	1	0	0	0	1		0.0	0.0	0.0	nan	0.0	inf	nan	inf	nan	0	155853	0.0	inf	inf	8.261284610256553
case_00576	12	2	1	1	11	0.5	0.08333333333333333	0.14285714285714285	0.9092711571533358	0.0	0.12989587959333368	2.3471027215048856	0.0	14.367497686809276	0.0	938663	2167128	0.569961082378048	41.99697169722343	197.04529935824152	20.801769265905023	1	2	1	1	0	0.5	1.0	0.6666666666666666	0.9593401250551215	0.0	0.639560083370081	0.8421629732228888	0.0	2.5	0.0	889179	885696	0.9560673286851187	5.059188748679314	4.0	10.434550676494837	1	1	1	0	0	1.0	1.0	1.0	0.9564442956655778	0.0	0.9564442956655778	2.5986092483775804	0.0	2.598076211353316	0.0	882775	885696	0.9564442956655778	4.596262327117128	4.0	12.148740082979202
case_00577	27	17	2	15	25	0.11764705882352941	0.07407407407407407	0.09090909090909091	0.36617656548312	0.18370964864661415	0.03328877868028364	14.239658160559957	4.765200114232561	56.25972907121901	16.975508320388276	536328	1865136	0.4423834794108927	12.979444965200022	51.86520991955976	9.147914001718163	8	2	1	1	7	0.5	0.125	0.2	0.7889526796518356	0.0	0.15779053593036713	3.5923652812067832	0.0	15.438891413817323	0.0	424141	637208	0.7887735325514982	5.47004071205627	25.73712801911971	4.852213829755783	1	1	1	0	0	1.0	1.0	1.0	0.778246185696755	0.0	0.778246185696755	3.8575730856695634	0.0	16.617949393453962	0.0	414819	637208	0.778246185696755	5.757760128272914	28.284271247461902	5.446741316467524
case_00578	2	3	2	1	0	0.6666666666666666	1.0	0.8	0.9605653482992267	0.0018788229369376963	0.7684522786393814	0.5085683987226068	0.029131648706780866	1.3321067811865475	0.08210678118654757	1067659	1141473	0.9605908564992948	0.7934549710802123	1.7320508075688772	8.80921759083867	2	4	2	2	0	0.5	1.0	0.6666666666666666	0.688861540406283	0.13865300655963558	0.459241026937522	1.1164969010383734	0.306346642025246	4.274394696915109	0.874027069731248	10491	15100	0.7564378101676371	2.9270081876788856	7.810249675906654	4.648562306538224	1	1	1	0	0	1.0	1.0	1.0	0.8255935027072053	0.0	0.8255935027072053	0.8200633822897685	0.0	3.5	0.0	8468	10740	0.8255935027072053	1.314783303245163	6.48074069840786	4.6541493609547615
case_00579	2	4	2	2	0	0.5	1.0	0.6666666666666666	0.6670086353329657	0.07242420079740108	0.44467242355531045	4.124812678613914	0.855302564776045	18.783651072829358	0.8584593025860077	1079141	2135559	0.6685277008741095	6.273679877710076	31.160872901765767	17.352972438558936	1	3	1	2	0	0.3333333333333333	1.0	0.5	0.7299922633886358	0.0	0.3649961316943179	1.2460422455902869	0.0	4.16082924427331	0.0	12760	10846	0.7194780987884436	17.179882169063603	7.615773105863909	8.410806939005852	1	1	1	0	0	1.0	1.0	1.0	0.7301805674978504	0.0	0.7301805674978504	1.2446267980076438	0.0	4.16082924427331	0.0	12414	10846	0.7301805674978504	1.7850907330070198	6.391338899868392	8.85256328433752
case_00580	2	16	1	15	1	0.0625	0.5	0.1111111111111111	0.18342623508901032	0.0	0.020380692787667812	18.869770074487338	0.0	75.7566003725088	0.0	66772	1081500	0.11611708724065378	15.725355189429363	64.1404708432983	11.32304846867919	1	0	0	0	1		0.0	0.0	0.0	nan	0.0	inf	nan	inf	nan	0	32504	0.0	inf	inf	3.4288365431129932	1	0	0	0	1		0.0	0.0	0.0	nan	0.0	inf	nan	inf	nan	0	32504	0.0	inf	inf	3.923765804618597
case_00581	4	3	3	0	1	1.0	0.75	0.8571428571428571	0.7205154089998618	0.33271335923335504	0.6175846362855958	0.6583357997092959	0.13454522834133462	1.5459009267836439	0.07761222779178802	1088460	1147064	0.955964686579075	0.8176016771503696	2.23606797749979	8.205208962783217	1	3	1	2	0	0.3333333333333333	1.0	0.5	0.6503294070672789	0.0	0.32516470353363947	1.7220824737998297	0.0	7.280109889280518	0.0	7085	13052	0.6470675870288524	7.100057798249651	14.866068747318506	18.329583395272493	1	1	1	0	0	1.0	1.0	1.0	0.646668330421762	0.0	0.646668330421762	2.377792492525196	0.0	7.433034373659253	0.0	6983	13052	0.646668330421762	3.886430984016002	14.52583904633395	27.159544879570603
case_00582	5	1	0	1	5	0.0	0.0	0.0	0.0	nan	0.0	inf	nan	inf	nan	1735	3813463	0.0009095202922626821	102.59048159945748	333.13375692024556	15.300290359184146	5	3	0	3	5	0.0	0.0	0.0	0.0	nan	0.0	inf	nan	inf	nan	132	2108989	0.0	inf	inf	6.457578890025616	1	1	1	0	0	1.0	1.0	1.0	0.0	0.0	0.0	104.34931659751436	0.0	175.45487311348492	0.0	132	2108989	0.0	inf	inf	9.626413516700268
case_00583	2	10	2	8	0	0.2	1.0	0.3333333333333333	0.5890981125039176	0.06891272173226876	0.19636603750130588	3.906759976542784	0.15041772376126472	16.009532633331684	1.0930987431553865	606756	1393226	0.600592405331648	5.762585901893743	24.616051275297753	7.479005012661219	1	5	1	4	0	0.2	1.0	0.3333333333333333	0.801221061587725	0.0	0.2670736871959083	1.9506042001071573	0.0	7.73385414912901	0.0	72610	102356	0.7965547592103609	11.386562942475036	16.401219466856727	3.1190014872699976	1	1	1	0	0	1.0	1.0	1.0	0.7967058388081799	0.0	0.7967058388081799	2.2782146371103846	0.0	7.842193570679061	0.0	70556	102356	0.7967058388081799	3.891449556062704	15.0	3.319027204066515
case_00584	2	15	1	14	1	0.06666666666666667	0.5	0.11764705882352941	0.29662380211319517	0.0	0.03489691789567002	7.841689150645182	0.0	33.44230101333071	0.0	100603	1056622	0.17113007409967812	12.77555939441808	49.49747468305833	5.318819563835859	3	0	0	0	3		0.0	0.0	0.0	nan	0.0	inf	nan	inf	nan	0	43088	0.0	inf	inf	2.270951757207513	1	0	0	0	1		0.0	0.0	0.0	nan	0.0	inf	nan	inf	nan	0	43088	0.0	inf	inf	2.5886702612042427
case_00585	2	20	2	18	0	0.1	1.0	0.18181818181818182	0.6369592621333242	0.186843456064697	0.11581077493333168	4.956808647274315	2.5788578438364245	22.90351825910216	8.810634710852774	653956	1263428	0.6684086234160711	5.78421869743973	24.0	9.978397162631154	1	2	0	2	1	0.0	0.0	0.0	0.0	nan	0.0	inf	nan	inf	nan	17679	11070	0.0	inf	inf	4.0213616993278265	1	1	1	0	0	1.0	1.0	1.0	0.0	0.0	0.0	159.84923839813692	0.0	192.27559972586374	0.0	17554	11070	0.0	inf	inf	5.200426643714309
case_00586	2	28	2	26	0	0.07142857142857142	1.0	0.13333333333333333	0.5252965069561311	0.15350256758737926	0.07003953426081748	5.87461732219637	2.6181165835924087	27.37309671059186	12.206727695284428	680573	2140005	0.4737844512720442	9.973039311170176	56.88585061331157	14.178692726418376	7	19	1	18	6	0.05263157894736842	0.14285714285714285	0.07692307692307693	0.1671733125269165	0.0	0.012859485578993577	17.05317697200795	0.0	49.96748943062879	0.0	100595	1061644	0.1680256814648278	19.180892569085803	79.96249120681522	8.846592459827662	1	1	1	0	0	1.0	1.0	1.0	0.00017129153819801302	0.0	0.00017129153819801302	45.70595215851483	0.0	82.2026839583956	0.0	73273	31811	0.00017129153819801302	47.90814117194401	88.78907585999558	7.649075200781226
case_00587	2	5	2	3	0	0.4	1.0	0.5714285714285714	0.7411668958351831	0.13300777516928197	0.4235239404772475	2.943667005989874	1.2773017845975607	10.926529241376072	4.255697209312904	847489	1337212	0.7545664143514376	4.329799793707185	17.832554500127006	7.615844113752246	2	2	1	1	1	0.5	0.5	0.5	0.8191794151035191	0.0	0.40958970755175955	1.1009190156622357	0.0	3.3541019662496847	0.0	18323	30368	0.6224558953400012	11.31073395089206	49.56409966472714	2.527450004592538	1	1	1	0	0	1.0	1.0	1.0	0.0	0.0	0.0	23.967794938277777	0.0	42.406514829681534	0.0	1632	10220	0.0	inf	inf	2.7772304490208626
case_00588	2	6	2	4	0	0.3333333333333333	1.0	0.5	0.7962932505854037	0.12057955082576505	0.39814662529270184	2.002055498470706	1.0953423180303308	8.685344128064521	4.384181494543209	578150	823922	0.794060504738701	3.183050585475681	13.416407864998739	5.552115000784397	1	2	1	1	0	0.5	1.0	0.6666666666666666	0.14429466489462692	0.0	0.0961964432630846	5.794925527455145	0.0	20.65187642806338	0.0	3980	48692	0.144365127582017	6.1765377208005825	18.411952639521967	1.8920586872845888	1	1	1	0	0	1.0	1.0	1.0	0.12871704475781728	0.0	0.12871704475781728	6.064045188286905	0.0	21.2602916254693	0.0	3500	48692	0.12871704475781728	6.5533222546057255	19.313207915827967	2.138365963473916
